algo_name,feature_type,n_clusters,n_outliers,silhouette,davies_bouldin,calinski_harabasz
kmeans,freq_weighted,2,0,0.7620767172933136,0.15031370508934663,24.28138351356961
kmeans,freq_baseline,2,0,0.6838955827831912,0.21123499915766397,15.345795859970032
dbscan,freq_weighted,3,15,0.48574832322387085,1.0391492115117968,14.428918405804062
som,freq_weighted,3,0,0.47049954941067834,1.19466734111145,15.745157873343008
dbscan,freq_baseline,3,46,0.4238135235710788,0.8889733037770591,11.919671981682782
som,freq_baseline,3,0,0.2788659754380542,1.7628286507737523,11.369633121005162
